No.,,﷨Ŀ,,ϸĿ,﷨
1,һ,,,λ,ϡ¡⡢ǰҡϡϱߡ±ߡ ߡߡǰߡߡߡұߡߡϱߡߡ
2,һ,,,Ը,ᡢ
3,һ,,,Ը,롢Ҫ
4,һ,,,ʴ,ࡢ١ġĶЩʲô˭ô
5,һ,,,˳ƴ,ҡ㡢ǡǡǡ
6,һ,,,ָʾ,⡢ǡǶЩЩġе
7,һ,,,,һ/ġ塢ߡˡš㣻ʮ٣
8,һ,,,,ҡ䡢ڡ顢ҳ
9,һ,,,̶ȸ,ǳܡ̫桢
10,һ,,,ΧЭͬ,1һһ
11,һ,,,ʱ丱,ϡȡʱڡ
12,һ,,,Ƶʡظ,1
13,һ,,,,1Ҳ
14,һ,,,񶨸,𡢲ûû
15,һ,,,ʱ䡢,1
16,һ,,,ʱ䡢,
17,һ,,,,11
18,һ,,,,
19,һ,,,Ӵʻ,2ǡ2
20,һ,,,ṹ,1
21,һ,,,̬,1
22,һ,,,,12
23,һ,,ṹ,ṹ,
24,һ,ӳɷ,,,ʡʻԶ
25,һ,ӳɷ,ν,,ʻ򶯴ԶݴʻݴԶν
26,һ,ӳɷ,,,ʡʻԶ
27,һ,ӳɷ,,,ԴݴԴ
28,һ,ӳɷ,״,,"ʡݴ״ 
ʾʱ䡢Ĵ״"
29,һ,ӵ,,,ν1ν
30,һ,ӵ,,,ν2ݴν
31,һ,ӵ,,,ν
32,һ,ӵ,,,
33,һ,ӵ,,ʾ,1Ƿʾ䣨2ָʾ䣨3ѡʾ䣨4ʾ
34,һ,ӵ,,ʹ,ʹ
35,һ,ӵ,,̾,̾
36,һ,ӵ,,ǡ־,1ʾͬ2ʾ˵3ʾ
37,һ,ӵ,,С־,С־11ʾУ2ʾ
38,һ,ӵ,,ȽϾ,ȽϾ11AB +ݴʣ2AûB +ݴ
39,һ,ӵ,,и,"1ù 
2ùһһҲ"
40,һ,̬,̬,仯̬,ʡ2ʾ
41,һ,̬,̬,̬,ö̬ʡ1ʾ
42,һ,̬,̬,̬,"1/+ 
2//++ 
3"
43,һ,﷨,ıʾ,,Ǯʾ
44,һ,﷨,ʱʾ,,1ꡢ¡աڱʾ2ӵʾ
45,һ,ʵķ,,,á
46,һ,ʵķ,,,áࡢ١ġĶЩʲô˭ô
47,һ,ʵķ,,,áǡ
48,һ,ʵķ,,,ʽ
49,,,,Ը,1ܣ2ԣ3
50,,,,Ը,áӦ
51,,,,Ը,Ը
52,,,,ص,صAAAһAAAABAB
53,,,,ʴ,áΪʲôô
54,,,,˳ƴ,ˡҡǡۡǡԼ
55,,,,ָʾ,ôô
56,,,ݴ,ݴص,AAAABB
57,,,,,ǧ
58,,,,,㡢⡢λ
59,,,,,顢Ρء
60,,,,ʱ,ӡꡢ졢
61,,,,̶ȸ,ࡢôáʮ֡رͦУһ
62,,,,ΧЭͬ,ȫһֻ
63,,,,ʱ丱,աոա2ȻһֱѾ
64,,,,Ƶʡظ,¡ϡǡ
65,,,,,1
66,,,,ʽ,
67,,,,̬,롢ࡢҲ
68,,,,,122
69,,,,ʱ䡢,
70,,,,·,
71,,,,·,1
72,,,,·,2
73,,,,,
74,,,,,
75,,,,,
76,,,,Ŀġԭ,Ϊ1
77,,,,Ӵʻ,򡢻
78,,,,ӷ־,ǡҡǡȻֻҪ
79,,,,ṹ,
80,,,,̬,
81,,,,,
82,,,,,122
83,,,,,Ļ
84,,,̾,,ι
85,,,ṹ,ṹ,ṹͣ1϶2ƫ345ν
86,,,ṹ,ṹ,ṹ11ġֶ2ν
87,,,,,Զ
88,,,,,Զ
89,,,,,ݴԶ
90,,,̶,,һ
91,,,̶,,ʲô
92,,,̶,,ԽԽ
93,,̶ʽ,,,
94,,̶ʽ,,,
95,,̶ʽ,,,ڣǰ/Ժ/ǰ/
96,,ӳɷ,ν,,ʡʡʡԶν
97,,ӳɷ,,,1+//ɾ////
98,,ӳɷ,,,"1 
÷ 
1+/ȥ2+///////"
99,,ӳɷ,,״̬,״̬1++ݴԴ
100,,ӳɷ,,,1+
101,,ӳɷ,,,2ݴ+
102,,ӵ,,,ν3ν
103,,ӵ,,С־,"С־21ʾۡﵽ 
2ʾȽϣȽϾ 2-4"
104,,ӵ,,־,"־1ʾ
1+ǣ++ʣǡ־䣨3
2+++ʣС־1-2
3++ţ++"
105,,ӵ,,,1ʾǰȺ
106,,ӵ,,ȽϾ,"ȽϾ2 
1AB +ݴ+2AB +/+ݴʣ3AB+ݴʣ4AB+ô/ô+ݴ"
107,,ӵ,,ȽϾ,ȽϾ31ABһ/ͬ2ABһ+ݴ
108,,ӵ,,ġ,ġ1ǿʱ䡢ص㡢ʽ
109,,ӵ,,˫,"1++1+2 
2+++1+2"
110,,ӵ,,нӸ,1ù2ù/Ȼ
111,,ӵ,,ݽ,1ù2ù/
112,,ӵ,,ѡ񸴾,1ù2ùǣ
113,,ӵ,,ת۸,1ù2ùȻ/
114,,ӵ,,踴,1ù2ùĻ
115,,ӵ,,,ֻҪ
116,,ӵ,,,1ù2ùΪ
117,,ӵ,,,һ
118,,̬,̬,̬,"+ 
1ʾ״̬ĳ2ʾĳ"
119,,̬,̬,̬,ö̬ʡʾ
120,,﷨,ıʾ,,ʾ
121,,﷨,ıʾ,,"ʾ1 
1++ʣ2++"
122,,ǿķ,,,"á͡ʾǿ
ġʾǿ (60......ġ 1͡42 ......ġ2"")"
123,,ʵķ,,,á///ô
124,,ʵķ,,,áʲôʱʲôΪʲôô
125,,ʵķ,,,áءɵʡʽʾ䡰/+أ
126,,ʵķ,,,áǲǡ
127,,ʵķ,,,áɡ
128,,ʽ,,,
129,,ʽ,,,Ҫ/Ҫ/Ҫ
130,,,ǰ׺,,--С-
131,,,׺,,--ҡ-ǡ-ͷ-
132,,,,Ը,
133,,,,Ը,Ҫ
134,,,,ϴ,ʽϴʣæͷż١ɱ桢顢˯ϴ衢˵
135,,,,ϴ,ʽϴʣ򿪡뿪
136,,,,ʴ,"ʴʵķ÷ 
1ָ÷ 
ʴ+ʴʴ2ָ÷"
137,,,,ָʾ,λ֡ÿκ
138,,,,,ѡСܡȺ˫̨šֻ֧
139,,,,,١ڡ
140,,,,ص,صAA
141,,,,̶ȸ,Ƚϡӡ3൱
142,,,,ΧЭͬ,⡢3
143,,,,ʱ丱,2ϽϿ졢̡æʼաѡ
144,,,,Ƶʡظ,ͨܡ
145,,,,,2
146,,,,ʽ,ࡢԡ໥
147,,,,̬,š
148,,,,,ס1ȻסȻֱԡѵʵǧȷʵֻá
149,,,,ʱ䡢,1
150,,,,ʱ䡢,Դ
151,,,,·,
152,,,,,Ϊ2
153,,,,,2
154,,,,Ŀġԭ,1Ϊ
155,,,,Ŀġԭ,Ϊ
156,,,,ʩ¡,ѡС
157,,,,ʾų,
158,,,,ƾ衢,
159,,,,ӷ־,ҡ⡢⡢Ҫǡˡ2ֻ
160,,,,,
161,,,ṹ,ṹ,ṹ212λ34ͬλ
162,,,ṹ,,ص+++
163,,,̶,ָ,AB
164,,,̶,,
165,,,̶,,ȥ
166,,,̶,,е
167,,̶ʽ,,,⣩/Ҳ/
168,,̶ʽ,,,
169,,̶ʽ,,,˵
170,,̶ʽ,,,һҲ/+/û
171,,̶ʽ,,,ԽԽ
172,,ӳɷ,,,ʻ򶯴ԶݴʻݴԶ
173,,ӳɷ,,,ʻ򶯴ԶݴʻݴԶν
174,,ӳɷ,,,ʻ򶯴Զν
175,,ӳɷ,,,2+/ס/
176,,ӳɷ,,,"2 
÷+/ȥ//ȥ//ȥ//ȥ/ //ȥ//ȥ"
177,,ӳɷ,,ܲ,ܲ1+/+/ݴʣ+/+
178,,ӳɷ,,̶Ȳ,̶Ȳ1ݴ/+ú//
179,,ӳɷ,,, 3+Ͷﹲ
180,,ӳɷ,,,4+ʱʾʱ
181,,ӳɷ,,,5+ʱʾĳʱļʱ
182,,ӵ,,,ν4νν
183,,ӵ,,ѡ־,"ѡ־1 
1++++/+2++1 +ʣ++23++++//״̬"
184,,ӵ,,,1+//+++ɷ
185,,ӵ,,,"2 
1ǰһǺһķʽ2һǰһĿ"
186,,ӵ,,,"1 
ʹ+///+1 ++2"
187,,ӵ,,ȽϾ,"ȽϾ4 
1AB +++ݴ 
2AB +ݴ 
3A ++++ B +ݴ 
4AB +///++"
188,,ӵ,,ض,++++
189,,ӵ,,и,ҲҲ
190,,ӵ,,и,һһ
191,,ӵ,,и,һһ
192,,ӵ,,и,
193,,ӵ,,нӸ,Ȼ
194,,ӵ,,ݽ,
195,,ӵ,,ݽ,//
196,,ӵ,,ѡ񸴾,
197,,ӵ,,ת۸,XX/
198,,ӵ,,踴,Ҫ
199,,ӵ,,,ֻ
200,,ӵ,,,ڣ/
201,,ӵ,,Ŀĸ,Ϊ
202,,ӵ,,,ͣ
203,,﷨,ıʾ,,"ʾ2 
1ášԼʾ2ñʾ3áҡǰ󡱱ʾ"
204,,ǿķ,,,áһҲʾǿ
205,,ǿķ,,,"÷ʾʾǿ 
ʾ1/ѵ"
206,,ǿķ,,,áǡʾǿ
207,,ʵķ,,,ʾ
208,,ʽ,,,
209,,ʽ,,,XX
210,,ʽ,,,Xʲô
211,ļ,,,Ը,
212,ļ,,,˳ƴ,˼
213,ļ,,,,򡢴á
214,ļ,,,,"1ʣ롢֡ӡ 
2ʣ"
215,ļ,,,̶ȸ,⡢
216,ļ,,,ΧЭͬ,
217,ļ,,,ʱ丱,ʱæ
218,ļ,,,Ƶʡظ,һ١
219,ļ,,,,ȴ
220,ļ,,,񶨸,δ
221,ļ,,,̬,ƺ
222,ļ,,,,ȷ4Ȼ
223,ļ,,,ʱ䡢,
224,ļ,,,,
225,ļ,,,,
226,ļ,,,,
227,ļ,,,ƾ衢,
228,ļ,,,ƾ衢,Ϊ
229,ļ,,,Ӵʻ,2Լ
230,ļ,,,ӷ־,⡢1ǡȻɼ硢֮
231,ļ,,,,Ƶ
232,ļ,,̾,,2
233,ļ,,̶,ָ,AB
234,ļ,,̶,ָ,һAһB
235,ļ,,̶,,
236,ļ,,̶,,ü/
237,ļ,,̶,,˵
238,ļ,,̶,,һ˵
239,ļ,̶ʽ,,,һ+++һ+
240,ļ,̶ʽ,,,ԣ
241,ļ,̶ʽ,,,
242,ļ,̶ʽ,,,
243,ļ,̶ʽ,,,//
244,ļ,ӳɷ,,,ν
245,ļ,ӳɷ,,,
246,ļ,ӳɷ,,,
247,ļ,ӳɷ,,,"3 
ʾ壨÷+///"
248,ļ,ӵ,,ѡ־,"ѡ־2ã1 
+++ʣ+һ/ˣ+ʣ2+++++/ţ3++++/ʱ"
249,ļ,ӵ,,,2+++ɷ
250,ļ,ӵ,,־,"־2 
1ʾ֣++/+̬ʣˣ++/2ʾʧ+++̬ʣˣ++/"
251,ļ,ӵ,,,"2 
1壺+/+1++22ν϶壺+/ƣ/˵//ѡ+1 +/Ϊ//+2"
252,ļ,ӵ,,ġ,ġ2ǿ˵˵Ŀ̬
253,ļ,ӵ,,и,
254,ļ,ӵ,,и,/Ҳ
255,ļ,ӵ,,нӸ,
256,ļ,ӵ,,нӸ,
257,ļ,ӵ,,ݽ,
258,ļ,ӵ,,ѡ񸴾,
259,ļ,ӵ,,ת۸,Ȼ
260,ļ,ӵ,,踴,
261,ļ,ӵ,,踴,ͣ
262,ļ,ӵ,,踴,һͣ
263,ļ,ӵ,,,/Ҳ
264,ļ,ӵ,,,/Ҳ
265,ļ,ӵ,,,Ȼ
266,ļ,ӵ,,,ɼ
267,ļ,ӵ,,ò,Ҳ/
268,ļ,ӵ,,Ŀĸ,
269,ļ,ӵ,,,ޱ
270,ļ,ӵ,,,Ҳ
271,ļ,﷨,ıʾ,,ʾ3++
272,ļ,﷨,ıʾ,,Сٷıʾ
273,ļ,ǿķ,,,"÷ʾʾǿ 
ʾ2ʴʹɵķʾ"
274,ļ,ǿķ,,,˫ط񶨱ʾǿ
275,ļ,ǿķ,,,áһ+ʣ+ʣ+Ҳ/Ҳûʾǿ
276,ļ,ǿķ,,,áҲ/ʾǿ
277,ļ,ʽ,,,XײX
278,ļ,ʽ,,,+һXһX
279,ļ,ʽ,,,ûʲôãX
280,ļ,ʽ,,,XXYY
281,ļ,ʽ,,,XҲXXҲX
282,ļ,ʽ,,,X
283,ļ,ʽ,,,X
284,ļ,ʽ,,,Xİ
285,ļ,ʽ,,,/XX
286,ļ,ʽ,,,˵ʲô/ôţҲX
287,弶,,,ָʾ,˴ˡ
288,弶,,,,ᡢ䡢졢šƥ
289,弶,,,̶ȸ,ڡ1ԡ΢
290,弶,,,ΧЭͬ,
291,弶,,,ʱ丱,ʱҪԾɡʱʱ̡ɡһ
292,弶,,,Ƶʡظ,żٴ
293,弶,,,ʽ,͵͵
294,弶,,,,Ͼ⡢һǡɴࡢ4Ȼ2
295,弶,,,ʱ䡢,
296,弶,,,Ŀġԭ,
297,弶,,,ʩ¡,2
298,弶,,,ƾ衢,ƾ
299,弶,,,ƾ衢,
300,弶,,,ƾ衢,
301,弶,,,ӷ־,Ӷϡˡһ
302,弶,,,,Ҳ
303,弶,,̶,ָ,AAȥ
304,弶,,̶,ָ,AA
305,弶,,̶,ָ,ûAûB
306,弶,,̶,ָ,˵AA
307,弶,,̶,ָ,AB
308,弶,,̶,,
309,弶,,̶,,ҵ
310,弶,,̶,,
311,弶,,̶,,ò
312,弶,̶ʽ,,,
313,弶,̶ʽ,,,Ϊֹ
314,弶,̶ʽ,,,
315,弶,̶ʽ,,,˵
316,弶,̶ʽ,,,AABB
317,弶,̶ʽ,,,
318,弶,ӳɷ,,,11ʩ±2±
319,弶,ӳɷ,״,,״
320,弶,ӳɷ,,,"4 
ʾʱ壨÷ 
1ʾΪĿʼ+/2ʾΪĳ+ȥ/"
321,弶,ӳɷ,,ܲ,ܲ2+/
322,弶,ӳɷ,,̶Ȳ,"̶Ȳ2 
1ݴ/++//2/ݴ+/͸+"
323,弶,ӳɷ,,״̬,"״̬2/ݴ++ 
1/ݴ++ʶ2/ݴ++ν3/ݴ++̶"
324,弶,ӵ,,С־,"С־3 
1ʾڡУ+++2ʾţ+++"
325,弶,ӵ,,ѡ־,"ѡ־3 
1+++״+ 
2+++һ+ 
3++++ 
4++1++2"
326,弶,ӵ,,,3
327,弶,ӵ,,,3ǰԴתۡϵ
328,弶,ӵ,,,"3 
ʹ+//ʹ/+˳ƴ+ʶ"
329,弶,ӵ,,ȽϾ,"ȽϾ51 
2A+ݴ+B+"
330,弶,ӵ,,ѡ񸴾,
331,弶,ӵ,,ת۸,/
332,弶,ӵ,,踴,һ
333,弶,ӵ,,踴,Ҫͣ
334,弶,ӵ,,,
335,弶,ӵ,,,/Ȼ
336,弶,ӵ,,,
337,弶,ӵ,,ò,ʹҲ
338,弶,ӵ,,Ŀĸ,Ϊ
339,弶,ӵ,,Ŀĸ,Ա
340,弶,ӵ,,,ûû
341,弶,ӵ,,,Ҳ
342,弶,ӵ,,ظ,ظ1+䣻+
343,弶,ǿķ,,,áҲ/ûʾǿ
344,弶,ǿķ,,,øʡɡʾǿ
345,弶,ǿķ,,,áô/Ҳ+/ûʾǿ
346,弶,ʽ,,,XҲǣYҲ
347,弶,ʽ,,,XҲXãYҲY
348,弶,ʽ,,,XYҲ
349,弶,ʽ,,,XҲX
350,弶,ʽ,,,XXYY
351,弶,ʽ,,,˵
352,弶,ʽ,,,X/X
353,弶,ʽ,,,//
354,弶,ʽ,,,XʲôX
355,弶,ʽ,,,ʲôXXģ
356,弶,Ⱥ,ʽ,ôʸָ,1˳ƴʸָ2ָʾʸָ3ִʹ
357,弶,Ⱥ,ʽ,ʡԳɷ,1ʡ2ʡԱ
358,,,ǰ׺,,ǰ׺-----׼-
359,,,׺,,׺--ʽ-͡-
360,,,,ָʾ,
361,,,,,͡Ρɡ֦
362,,,,,
363,,,,̶ȸ,ء쳣
364,,,,ΧЭͬ,һ롢һͬ
365,,,,ʱ丱,ʱʱһʱ
366,,,,,
367,,,,ʽ,æۡصء
368,,,,̬,·
369,,,,,3պáƫǡ
370,,,,ʱ䡢,
371,,,,·,أţ
372,,,,,ͬ11
373,,,,,
374,,,,Ŀġԭ,
375,,,,ʾų,
376,,,,ƾ衢,
377,,,,Ӵʻ,2ͬ22
378,,,,ӷ־,ϡ3
379,,,,ṹ,
380,,,,,ˡ
381,,,ṹ,ṹ,+ݴ+
382,,,̶,ָ,AB
383,,,̶,ָ,AB
384,,,̶,ָ,AA
385,,,̶,ָ,AB
386,,,̶,,ô
387,,,̶,,ô
388,,,̶,,ã
389,,,̶,,ǵҲ
390,,,̶,,˵/˵
391,,,̶,,
392,,̶ʽ,,,Aһ+ʣBһ+
393,,̶ʽ,,,һAһA
394,,̶ʽ,,,Ϊ
395,,ӳɷ,,,"2 
12"
396,,ӳɷ,,,"5 
ʾ״̬壨÷/ݴ+/ȥ//"
397,,ӵ,,ѡ־,"ѡ־4ʹ 
1壩++++ɷ 
2++ʩ£++ɷ"
398,,ӵ,,,4+//++++ɷ
399,,ӵ,,и,ʱʱ
400,,ӵ,,и,һʱһʱ
401,,ӵ,,нӸ,
402,,ӵ,,ݽ,/û
403,,ӵ,,ݽ,/
404,,ӵ,,ݽ,/Ҳ
405,,ӵ,,ѡ񸴾,ҪôҪô
406,,ӵ,,ת۸,//ȴ/Ҳ
407,,ӵ,,踴,ҪȻ/Ȼ
408,,ӵ,,,
409,,ӵ,,ò,/Ҳ
410,,ӵ,,,
411,,ӵ,,ظ,ظ2+
412,,ǿķ,,,áɡʾǿ
413,,ʽ,,,XYͷ
414,,ʽ,,,XX
415,,ʽ,,,XX
416,,ʽ,,,XһX
417,,ʽ,,,X
418,,ʽ,,,+ʲôͣʲô
419,,ʽ,,,磨ҲXҲX
420,,ʽ,,,/++ʩ£+ X 
421,,ʽ,,,XY
422,,ʽ,,,XXȥ/ 
423,,ʽ,,,X˾Xˣû
424,,ʽ,,,/ҲX/ҲY
425,ߵ,,,Ը,
426,ߵ,,,ʴ,
427,ߵ,,,ָʾ,á
428,ߵ,,,,1öյ2ʣ˴
429,ߵ,,,,
430,ߵ,,,·,˳
431,ߵ,,,Ӵʻ,
432,ߵ,,,ӷ־,̶Ҫ
433,ߵ,,,ṹ,֮
434,ߵ,,ṹ,ṹ,++
435,ߵ,,̶,ָ,AA
436,ߵ,,̶,ָ,AB
437,ߵ,,̶,ָ,AB
438,ߵ,,̶,ָ,AB
439,ߵ,,̶,ָ,AB
440,ߵ,,̶,ָ,AB
441,ߵ,,̶,ָ,ʱAʱB
442,ߵ,,̶,ָ,AB
443,ߵ,,̶,,Ͳ
444,ߵ,,̶,,
445,ߵ,,̶,,֮
446,ߵ,,̶,,
447,ߵ,,̶,,ɲ
448,ߵ,,̶,,û˵
449,ߵ,,̶,,
450,ߵ,,̶,,ɴ˿ɼ
451,ߵ,̶ʽ,,,֪
452,ߵ,̶ʽ,,,ν
453,ߵ,̶ʽ,,,޷//ֻ/ֻ/
454,ߵ,̶ʽ,,,Ϊ
455,ߵ,̶ʽ,,,
456,ߵ,ӳɷ,,,"3  
1ʽ2߱3ϱ4Ŀı"
457,ߵ,ӳɷ,,̶Ȳ,̶Ȳ31ݴ/++У2ݴ/++Ҫ/Ҫ
458,ߵ,ӳɷ,,״̬,״̬3Ĳ
459,ߵ,ӵ,,ѡ־,"ѡ־5ʹ  
++ʩ£++"
460,ߵ,ӵ,,,512Ϊ
461,ߵ,ӵ,,ȽϾ,"ȽϾ61 
2A +ݴ++ B  
3A ++++"
462,ߵ,ӵ,,и,һһ
463,ߵ,ӵ,,нӸ,˺
464,ߵ,ӵ,,нӸ,
465,ߵ,ӵ,,ݽ,˵Ҳ/Ҳ/˵˵ ʹҲʹҲ˵
466,ߵ,ӵ,,ݽ,
467,ߵ,ӵ,,ݽ,˵
468,ߵ,ӵ,,ݽ,
469,ߵ,ӵ,,ݽ,
470,ߵ,ӵ,,ݽ,
471,ߵ,ӵ,,ѡ񸴾,
472,ߵ,ӵ,,ѡ񸴾,/ԸҲ
473,ߵ,ӵ,,ѡ񸴾,
474,ߵ,ӵ,,ѡ񸴾,/Ը
475,ߵ,ӵ,,ת۸,
476,ߵ,ӵ,,ת۸,/
477,ߵ,ӵ,,踴,/
478,ߵ,ӵ,,踴,//ʹ//ǣô
479,ߵ,ӵ,,踴,ҿҪȻ/Ȼ/Ҫ/
480,ߵ,ӵ,,,
481,ߵ,ӵ,,,Ҳ
482,ߵ,ӵ,,,
483,ߵ,ӵ,,,
484,ߵ,ӵ,,,ڣ
485,ߵ,ӵ,,,
486,ߵ,ӵ,,,֮Ϊ/
487,ߵ,ӵ,,ò,ȻҲ
488,ߵ,ӵ,,ò,Ȼ//
489,ߵ,ӵ,,ò,Ҳ
490,ߵ,ӵ,,ò,˵//
491,ߵ,ӵ,,ò,ȻҲ
492,ߵ,ӵ,,Ŀĸ,
493,ߵ,ӵ,,Ŀĸ,/
494,ߵ,ӵ,,˵,Ҳ˵
495,ߵ,ӵ,,,Ҫ+++++
496,ߵ,ӵ,,,ʣ+1++ʣ+1
497,ߵ,ӵ,,ظ,ػϵĸ
498,ߵ,ǿķ,,,"÷ʾʾǿ 
ʾ3α/οأ"
499,ߵ,ʽ,,,//ǣ˵
500,ߵ,ʽ,,,XҲǣXҲ
501,ߵ,ʽ,,,XҲ/ҲգYҲ/Ҳ
502,ߵ,ʽ,,,XYYX
503,ߵ,ʽ,,,XҲXYҲY
504,ߵ,ʽ,,,ᣨУX
505,ߵ,ʽ,,,֪X
506,ߵ,ʽ,,,˵ô˵//
507,ߵ,ʽ,,,/ǣX
508,ߵ,ʽ,,,X
509,ߵ,ʽ,,,XôY/XY
510,ߵ,ʽ,,,ʲôXY
511,ߵ,ʽ,,,˵/뵽Ķȥ
512,ߵ,ʽ,,,νXX
513,ߵ,ʽ,,,ҪX/ûXҪY/ûY
514,ߵ,Ⱥ,ʽ,,
515,ߵ,Ⱥ,ʽ,,
516,ߵ,Ⱥ,,,ϹϵоȺнӾȺݽȺѡȺ˵ȺȺ
517,ߵ,Ⱥ,,,ƫϵȺȺĿľȺת۾ȺȺòȺ
518,ߵ,,,̶ȸ,Ϊ
519,ߵ,,,̶ȸ,
520,ߵ,,,̶ȸ,
521,ߵ,,,̶ȸ,
522,ߵ,,,̶ȸ,
523,ߵ,,,̶ȸ,Ϊ
524,ߵ,,,̶ȸ,Խ
525,ߵ,ӵ,,ݽ,ο
526,ߵ,ӵ,,ݽ,
527,ߵ,,,ΧЭͬ,
528,ߵ,,,ΧЭͬ,
529,ߵ,,,ΧЭͬ,ͳͳ
530,ߵ,,,ΧЭͬ,Ψ
531,ߵ,,,ʽ,ɵ
532,ߵ,,,ʽ,һ
533,ߵ,,,ʽ,˳
534,ߵ,,,񶨸,δ
535,ߵ,,,񶨸,
536,ߵ,,,Ƶʡظ,ƵƵ
537,ߵ,,,Ƶʡظ,ٶ
538,ߵ,,̶,,ͬʱ
539,ߵ,,̶,,һ
540,ߵ,,̶,,
541,ߵ,,̶,,ܵ˵/֮ܶ
542,ߵ,,,̬,ض
543,ߵ,,,̬,
544,ߵ,,,̬,α
545,ߵ,,,̬,Ī
546,ߵ,,,̬,˵
547,ߵ,,,ʱ丱,
548,ߵ,,,ʱ丱,
549,ߵ,,,ʱ丱,
550,ߵ,,,ʱ丱,
551,ߵ,,,,
552,ߵ,,,,5
553,ߵ,,,ƾ衢,
554,ߵ,,,ƾ衢,
555,ߵ,,,ƾ衢,
556,ߵ,,,,װ
557,ߵ,,,,
558,ߵ,,,,
559,ߵ,,,,ֲ
560,ߵ,,,,
561,ߵ,,,,
562,ߵ,,,,ѹ
563,ߵ,,,,ƫƫ
564,ߵ,,,,
565,ߵ,,,,
566,ߵ,,,,δ
567,ߵ,,,,޷
568,ߵ,,,,Һ
569,ߵ,,,,ҿ
570,ߵ,,,,վ
571,ߵ,,,,
572,ߵ,,,,