No.,级别,语法项目,类别,细目,语法内容
1,一级,词类,名词,方位名词,上、下、里、外、前、后、左、右、东、南、西、北；上边、下边、 里边、外边、前边、后边、左边、右边、东边、南边、西边、北边
2,一级,词类,动词,能愿动词,会、能
3,一级,词类,动词,能愿动词,想、要
4,一级,词类,代词,疑问代词,多、多少、几、哪、哪儿、哪里、哪些、什么、谁、怎么
5,一级,词类,代词,人称代词,我、你、您、他、她、我们、你们、他们、她们
6,一级,词类,代词,指示代词,这、那、这儿、那儿、这里、那里、这些、那些、别的、有的
7,一级,词类,数词,一、二/两、三、四、五、六、七、八、九、零；十、百；半,
8,一级,词类,量词,名量词,杯、本、个、家、间、口、块、页
9,一级,词类,副词,程度副词,非常、很、太、真、最
10,一级,词类,副词,范围、协同副词,都1、一块儿、一起
11,一级,词类,副词,时间副词,马上、先、有时、在、正、正在
12,一级,词类,副词,频率、重复副词,常、常常、再1
13,一级,词类,副词,关联副词,还1、也
14,一级,词类,副词,否定副词,别、不、没、没有
15,一级,词类,介词,引出时间、处所,从1
16,一级,词类,介词,引出时间、处所,在
17,一级,词类,介词,引出对象,跟1、和1
18,一级,词类,介词,引出对象,比
19,一级,词类,连词,连接词或词组,跟2、还是、和2
20,一级,词类,助词,结构助词,的1、地
21,一级,词类,助词,动态助词,了1
22,一级,词类,助词,语气助词,吧1、了2、吗、呢
23,一级,短语,结构类型,其他结构类型,数量短语
24,一级,句子成分,主语,名词、代词或名词性短语作主语,
25,一级,句子成分,谓语,动词或动词性短语、形容词或形容词性短语作谓语,
26,一级,句子成分,宾语,名词、代词或名词性短语作宾语,
27,一级,句子成分,定语,名词性词语、形容词性词语、数量短语作定语,
28,一级,句子成分,状语,"副词、形容词作状语； 
表示时间、处所的词语作状语",
29,一级,句子的类型,句型,单句,主谓句1：动词谓语句
30,一级,句子的类型,句型,单句,主谓句2：形容词谓语句
31,一级,句子的类型,句型,单句,非主谓句
32,一级,句子的类型,句类,陈述句,陈述句
33,一级,句子的类型,句类,疑问句,（1）是非问句（2）特指问句（3）选择问句（4）正反问句
34,一级,句子的类型,句类,祈使句,祈使句
35,一级,句子的类型,句类,感叹句,感叹句
36,一级,句子的类型,特殊句型,“是”字句,（1）表示等同或类属；（2）表示说明或特征；（3）表示存在
37,一级,句子的类型,特殊句型,“有”字句,“有”字句1：（1）表示领有；（2）表示存在
38,一级,句子的类型,特殊句型,比较句,比较句1：（1）A比B +形容词（2）A没有B +形容词
39,一级,句子的类型,复句,并列复句,"（1）不用关联词语 
（2）用关联词语：一边……，一边……；……，也……"
40,一级,动作的态,动作的态,变化态,用语气助词“了2”表示
41,一级,动作的态,动作的态,完成态,用动态助词“了1”表示
42,一级,动作的态,动作的态,进行态,"（1）……在/正在+动词 
（2）……在/正/正在+动词……+呢 
（3）……呢"
43,一级,特殊表达法,数的表示法,钱数表示法,
44,一级,特殊表达法,时间表示法,（1）年、月、日、星期表示法（2）钟点表示法,
45,一级,提问的方法,用“吗”提问,,
46,一级,提问的方法,用“多、多少、几、哪、哪儿、哪里、哪些、什么、谁、怎么”提问,,
47,一级,提问的方法,用“还是”提问,,
48,一级,提问的方法,用正反疑问形式提问,,
49,二级,词类,动词,能愿动词,（1）可能；（2）可以
50,二级,词类,动词,能愿动词,该、应该
51,二级,词类,动词,能愿动词,愿意
52,二级,词类,动词,动词重叠,动词重叠：AA、A一A、A了A、ABAB
53,二级,词类,代词,疑问代词,多久、为什么、怎么样、怎样
54,二级,词类,代词,人称代词,别人、大家、它、它们、咱、咱们、自己
55,二级,词类,代词,指示代词,那么、那样、这么、这样
56,二级,词类,形容词,形容词重叠,AA、AABB
57,二级,词类,数词,千、万、亿,
58,二级,词类,量词,名量词,层、封、件、条、位
59,二级,词类,量词,动量词,遍、次、场、回、下
60,二级,词类,量词,时量词,分钟、年、天、周
61,二级,词类,副词,程度副词,多、多么、好、更、十分、特别、挺、有（一）点儿
62,二级,词类,副词,范围、协同副词,全、一共、只
63,二级,词类,副词,时间副词,刚、刚刚、还2、忽然、一直、已经
64,二级,词类,副词,频率、重复副词,重新、经常、老、老是、又
65,二级,词类,副词,关联副词,就1
66,二级,词类,副词,方式副词,故意
67,二级,词类,副词,情态副词,必须、差不多、好像、也许
68,二级,词类,副词,语气副词,才1、都2、就2、正好
69,二级,词类,介词,引出时间、处所,当
70,二级,词类,介词,引出方向、路径,往
71,二级,词类,介词,引出方向、路径,向1
72,二级,词类,介词,引出方向、路径,从2
73,二级,词类,介词,引出对象,对
74,二级,词类,介词,引出对象,给
75,二级,词类,介词,引出对象,离
76,二级,词类,介词,引出目的、原因,为1
77,二级,词类,连词,连接词或词组,或、或者
78,二级,词类,连词,连接分句或句子,不过、但、但是、而且、那、如果、虽然、只要
79,二级,词类,助词,结构助词,得
80,二级,词类,助词,动态助词,过
81,二级,词类,助词,着,
82,二级,词类,助词,语气助词,啊1、吧2、的2
83,二级,词类,助词,其他助词,的话、等
84,二级,词类,叹词,喂,
85,二级,短语,结构类型,基本结构类型,基本结构类型：（1）联合短语（2）偏正短语（3）动宾短语（4）动补短语（5）主谓短语
86,二级,短语,结构类型,其他结构类型,其他结构类型1：（1）“的”字短语（2）连谓短语
87,二级,短语,功能类型,名词性短语,
88,二级,短语,功能类型,动词性短语,
89,二级,短语,功能类型,形容词性短语,
90,二级,短语,固定短语,其他,不一会儿
91,二级,短语,固定短语,其他,什么的
92,二级,短语,固定短语,其他,越来越
93,二级,固定格式,还是……吧,,
94,二级,固定格式,又……又……,,
95,二级,固定格式,（在）……以前/以后/前/后,,
96,二级,句子成分,谓语,名词、代词、数词、数量短语、名词性短语作谓语,
97,二级,句子成分,补语,结果补语,结果补语1：动词+错/懂/干净/好/会/清楚/完
98,二级,句子成分,补语,趋向补语,"趋向补语1 
简单趋向补语的趋向意义用法： 
（1）动词+来/去（2）动词+上/下/进/出/起/过/回/开"
99,二级,句子成分,补语,状态补语,状态补语1：动词+得+形容词性词语
100,二级,句子成分,补语,数量补语,数量补语1：动词+动量补语
101,二级,句子成分,补语,数量补语,数量补语2：形容词+数量补语
102,二级,句子的类型,句型,单句,主谓句3：名词谓语句
103,二级,句子的类型,特殊句型,“有”字句,"“有”字句2：（1）表示评价、达到； 
（2）表示比较（见“比较句 2-（4）”）"
104,二级,句子的类型,特殊句型,存现句,"存现句1：表示存在 
（1）处所+有+数量短语+名词（见“‘有’字句1-（2）”） 
（2）处所+动词+着（+数量短语）+名词"
105,二级,句子的类型,特殊句型,连动句,连动句1：表示前后动作先后发生
106,二级,句子的类型,特殊句型,比较句,"比较句2： 
（1）A比B +形容词+数量补语（2）A比B +更/还+形容词（3）A不如B（+形容词）（4）A有B（+这么/那么）+形容词"
107,二级,句子的类型,特殊句型,比较句,比较句3：（1）A跟B一样/相同（2）A跟B一样+形容词
108,二级,句子的类型,特殊句型,“是……的”句,“是……的”句1：强调时间、地点、方式、动作者
109,二级,句子的类型,特殊句型,双宾语句,"（1）主语+动词+宾语1+宾语2 
（2）主语+动词+给+宾语1+宾语2"
110,二级,句子的类型,复句,承接复句,（1）不用关联词语（2）用关联词语：先……，再/然后……
111,二级,句子的类型,复句,递进复句,（1）不用关联词语（2）用关联词语：……，更/还……；不但……，而且……
112,二级,句子的类型,复句,选择复句,（1）不用关联词语（2）用关联词语：（是）……，还是……
113,二级,句子的类型,复句,转折复句,（1）不用关联词语（2）用关联词语：虽然……，但是/可是……；……，不过……
114,二级,句子的类型,复句,假设复句,（1）不用关联词语（2）用关联词语：如果……，就……；……的话，就……
115,二级,句子的类型,复句,条件复句,只要……，就……
116,二级,句子的类型,复句,因果复句,（1）不用关联词语（2）用关联词语：因为……，所以……
117,二级,句子的类型,复句,紧缩复句,一……就……
118,二级,动作的态,动作的态,持续态,"动词+着 
（1）表示状态的持续（2）表示动作的持续"
119,二级,动作的态,动作的态,经历态,用动态助词“过”表示
120,二级,特殊表达法,数的表示法,序数表示法,
121,二级,特殊表达法,数的表示法,"概数表示法1： 
（1）数词+多+量词（2）数词+量词+多",
122,二级,强调的方法,用“就”表示强调,,"※“是……的”表示强调 (见【二60】“‘是......的’ 句1”和【四42 】“‘是......的’句2"")"
123,二级,提问的方法,用“好吗/可以吗/行吗/怎么样”提问,,
124,二级,提问的方法,用“什么时候、什么样、为什么、怎么样、怎样”提问,,
125,二级,提问的方法,用“呢”构成的省略式疑问句“代词/名词+呢？”提问,,
126,二级,提问的方法,用“是不是”提问,,
127,二级,提问的方法,用“吧”提问,,
128,二级,口语格式,该……了,,
129,二级,口语格式,要/快要/就要……了,,
130,三级,语素,前缀,第-、老-、小-,
131,三级,语素,后缀,-儿、-家、-们、-头、-子,
132,三级,词类,动词,能愿动词,
133,三级,词类,动词,能愿动词,敢
134,三级,词类,动词,离合词,需要
135,三级,词类,动词,离合词,动宾式离合词：帮忙、点头、放假、干杯、见面、结婚、看病、睡觉、洗澡、理发、说话
136,三级,词类,代词,疑问代词,动补式离合词：打开、看见、离开、完成
137,三级,词类,代词,指示代词,"疑问代词的非疑问用法 
（1）任指用法 
①疑问代词+都……②疑问代词……疑问代词……（2）不定指用法"
138,三级,词类,量词,名量词,各、各位、各种、每、任何
139,三级,词类,量词,动量词,把、行、架、群、束、双、台、张、支、只、种
140,三级,词类,量词,量词重叠,顿、口、眼
141,三级,词类,副词,程度副词,量词重叠：AA
142,三级,词类,副词,范围、协同副词,比较、更加、还3、相当
143,三级,词类,副词,时间副词,光、仅、仅仅、就3、至少
144,三级,词类,副词,频率、重复副词,本来、才2、曾经、从来、赶紧、赶快、立刻、连忙、始终、已、早已
145,三级,词类,副词,关联副词,通常、往往、总、总是
146,三级,词类,副词,方式副词,再2
147,三级,词类,副词,情态副词,互相、尽量、亲自、相互
148,三级,词类,副词,语气副词,大概、恐怕
149,三级,词类,介词,引出时间、处所,白、并1、当然、到底、反正、根本、果然、简直、绝对、难道、其实、千万、确实、只好、终于
150,三级,词类,介词,引出时间、处所,由1
151,三级,词类,介词,引出方向、路径,自从
152,三级,词类,介词,引出对象,朝
153,三级,词类,介词,引出对象,为2
154,三级,词类,介词,引出目的、原因,向2
155,三级,词类,介词,引出目的、原因,由于1、因为
156,三级,词类,介词,引出施事、受事,为了
157,三级,词类,介词,表示排除,把、被、叫、让
158,三级,词类,介词,引出凭借、依据,除了
159,三级,词类,连词,连接分句或句子,按、按照
160,三级,词类,拟声词,哈哈,并且、不光、不仅、另外、要是、因此、由于2、只有
161,三级,短语,结构类型,其他结构类型,
162,三级,短语,结构类型,数量重叠：数词+量词+数词+量词,其他结构类型2：（1）介宾短语（2）方位短语（3）兼语短语（4）同位短语
163,三级,短语,固定短语,四字格,
164,三级,短语,固定短语,其他,不A不B
165,三级,短语,固定短语,其他,看起来
166,三级,短语,固定短语,其他,看上去
167,三级,固定格式,除了……（以外），……还/也/都……,,有的是
168,三级,固定格式,从……起,,
169,三级,固定格式,对……来说,,
170,三级,固定格式,一……也/都+不/没……,,
171,三级,固定格式,越……越……,,
172,三级,句子成分,主语,动词或动词性短语、形容词或形容词性短语作主语,
173,三级,句子成分,宾语,动词或动词性短语、形容词或形容词性短语和主谓短语作宾语,
174,三级,句子成分,定语,动词或动词性短语、主谓短语作定语,
175,三级,句子成分,补语,结果补语,
176,三级,句子成分,补语,趋向补语,结果补语2：动词+到/住/走
177,三级,句子成分,补语,可能补语,"趋向补语2 
复合趋向补语的趋向意义用法：动词+出来/出去/过来/过去/回来/回去/进来/进去/ 起来/上来/上去/下来/下去"
178,三级,句子成分,补语,程度补语,可能补语1：动词+得/不+动词/形容词；动词+得/不+了
179,三级,句子成分,补语,数量补语,程度补语1：形容词/心理动词+得很/极了/死了
180,三级,句子成分,补语,数量补语,数量补语 3（动词+动量补语）：宾语和动量补语共现
181,三级,句子成分,补语,数量补语,数量补语4（动词+时量补语）：表示动作持续的时间
182,三级,句子的类型,句型,单句,数量补语5（动词+时量补语）：表示动作结束后到某个时间点的间隔时间
183,三级,句子的类型,特殊句型,“把”字句,主谓句4：主谓谓语句
184,三级,句子的类型,特殊句型,被动句,"“把”字句1：表处置 
（1）主语+把+宾语+动词+在/到+处所（2）主语+把+宾语1 +动词（+给）+宾语2（3）主语+把+宾语+动词+结果补语/趋向补语/状态补语"
185,三级,句子的类型,特殊句型,连动句,被动句1：主语+被/叫/让+宾语+动词+其他成分
186,三级,句子的类型,特殊句型,兼语句,"连动句2： 
（1）前一动作是后一动作的方式（2）后一动作是前一动作的目的"
187,三级,句子的类型,特殊句型,比较句,"兼语句1 
表使令：主语+叫/派/请/让……+宾语1 +动词+宾语2"
188,三级,句子的类型,特殊句型,重动句,"比较句4： 
（1）A比B +动词+得+形容词 
（2）A不比B +形容词 
（3）A +动词+得+比+ B +形容词 
（4）A比B +多/少/早/晚+动词+数量短语"
189,三级,句子的类型,复句,并列复句,主语+动词+宾语+动词+补语
190,三级,句子的类型,复句,并列复句,（也）……，也……
191,三级,句子的类型,复句,并列复句,一会儿……，一会儿……
192,三级,句子的类型,复句,并列复句,一方面……，另一方面……
193,三级,句子的类型,复句,承接复句,又……，又……
194,三级,句子的类型,复句,递进复句,首先……，然后……
195,三级,句子的类型,复句,递进复句,……，并且……
196,三级,句子的类型,复句,选择复句,不仅/不光……，还/而且……
197,三级,句子的类型,复句,转折复句,不是……，就是……
198,三级,句子的类型,复句,假设复句,……X是X，就是/不过……
199,三级,句子的类型,复句,条件复句,要是……，就……
200,三级,句子的类型,复句,因果复句,只有……，才……
201,三级,句子的类型,复句,目的复句,（由于）……，所以/因此……
202,三级,句子的类型,复句,紧缩复句,为了……，……
203,三级,特殊表达法,数的表示法,"概数表示法2： 
（1）用“大概、大约、几”表示概数（2）相邻数词连用表示概数（3）用“左右、前后”表示概数",……了……（就）……
204,三级,强调的方法,用“一点儿也不……”表示强调,,
205,三级,强调的方法,"用反问句表示强调 
反问句1：不是……吗？/难道……吗？",,
206,三级,强调的方法,用“是”表示强调,,
207,三级,提问的方法,用疑问语调表示疑问,,
208,三级,口语格式,都……了,,
209,三级,口语格式,X就X（点儿）吧,,
210,三级,口语格式,X什么（啊）,,
211,四级,词类,动词,能愿动词,
212,四级,词类,代词,人称代词,得
213,四级,词类,量词,名量词,人家
214,四级,词类,量词,借用量词,打、袋、根、卷、棵、批
215,四级,词类,副词,程度副词,"（1）名量词：碗、脸、手、屋子、桌子 
（2）动量词：刀、针"
216,四级,词类,副词,范围、协同副词,格外、极、极其
217,四级,词类,副词,时间副词,共
218,四级,词类,副词,频率、重复副词,按时、即将、急忙、渐渐、尽快
219,四级,词类,副词,关联副词,一再、再三
220,四级,词类,副词,否定副词,却
221,四级,词类,副词,情态副词,未必
222,四级,词类,副词,语气副词,几乎、似乎
223,四级,词类,介词,引出时间、处所,的确、反而、还4、竟然、究竟
224,四级,词类,介词,引出对象,自
225,四级,词类,介词,引出对象,对于
226,四级,词类,介词,引出对象,关于
227,四级,词类,介词,引出凭借、依据,替
228,四级,词类,介词,引出凭借、依据,根据
229,四级,词类,连词,连接词或词组,作为
230,四级,词类,连词,连接分句或句子,并2、以及
231,四级,词类,助词,其他助词,此外、而1、而是、既然、可见、甚至、假如、总之
232,四级,词类,叹词,啊2,似的
233,四级,短语,固定短语,四字格,
234,四级,短语,固定短语,四字格,大A大B
235,四级,短语,固定短语,其他,一A一B
236,四级,短语,固定短语,其他,看来
237,四级,短语,固定短语,其他,来得及/来不及
238,四级,短语,固定短语,其他,说不定
239,四级,固定格式,一+量词+比+一+量词,,一般来说
240,四级,固定格式,（自）……以来,,
241,四级,固定格式,由……组成,,
242,四级,固定格式,在……方面,,
243,四级,固定格式,在……上/下/中,,
244,四级,句子成分,主语,主谓短语作主语,
245,四级,句子成分,主语,受事主语,
246,四级,句子成分,定语,多项定语,
247,四级,句子成分,补语,趋向补语,
248,四级,句子的类型,特殊句型,“把”字句,"趋向补语3 
表示结果意义（引申用法）：动词+上/出/起/下"
249,四级,句子的类型,特殊句型,被动句,"“把”字句2：表处置（1） 
主语+把+宾语+动词（+一/了）+动词（2）主语+把+宾语（+给）+动词+了/着（3）主语+把+宾语+动词+动量补语/时量补语"
250,四级,句子的类型,特殊句型,存现句,被动句2：主语+被+动词+其他成分
251,四级,句子的类型,特殊句型,兼语句,"存现句2： 
（1）表示出现：处所词+动词+趋向补语/结果补语+动态助词（了）+数量短语+人/物（2）表示消失：处所词+动词+结果补语+动态助词（了）+数量短语+人/物"
252,四级,句子的类型,特殊句型,“是……的”句,"兼语句2 
（1）表爱憎义：主语+表扬/批评+宾语1+动词+宾语2（2）表称谓或认定义：主语+叫/称（呼）/说/收/选+宾语1 +做/为/当/是+宾语2"
253,四级,句子的类型,复句,并列复句,“是……的”句2：强调说话人的看法或态度
254,四级,句子的类型,复句,并列复句,不是……，而是……
255,四级,句子的类型,复句,承接复句,既……，又/也……
256,四级,句子的类型,复句,承接复句,首先……，其次……
257,四级,句子的类型,复句,递进复句,……，于是……
258,四级,句子的类型,复句,选择复句,……，甚至……
259,四级,句子的类型,复句,转折复句,或者……，或者……
260,四级,句子的类型,复句,假设复句,……，然而……
261,四级,句子的类型,复句,假设复句,……，否则……
262,四级,句子的类型,复句,假设复句,假如……，（就）……
263,四级,句子的类型,复句,条件复句,万一……，（就）……
264,四级,句子的类型,复句,条件复句,不管……，都/也……
265,四级,句子的类型,复句,因果复句,无论……，都/也……
266,四级,句子的类型,复句,因果复句,既然……，就……
267,四级,句子的类型,复句,让步复句,……，可见……
268,四级,句子的类型,复句,目的复句,哪怕……，也/还……
269,四级,句子的类型,复句,紧缩复句,……，好……
270,四级,句子的类型,复句,紧缩复句,无标记
271,四级,特殊表达法,数的表示法,概数表示法3：数词+来+量词,不……也……
272,四级,特殊表达法,数的表示法,小数、分数、百分数、倍数的表示法；,
273,四级,强调的方法,"用反问句表示强调 
反问句2：由疑问代词构成的反问句",,
274,四级,强调的方法,用双重否定表示强调,,
275,四级,强调的方法,用“一+量词（+名词）+也（都）/也没（不）……”表示强调,,
276,四级,强调的方法,用“连……也/都……”表示强调,,
277,四级,口语格式,不X白不X,,
278,四级,口语格式,动词+一X是一X,,
279,四级,口语格式,（没）有什么（好）X的,,
280,四级,口语格式,X是X，Y是Y,,
281,四级,口语格式,X也得X，不X也得X,,
282,四级,口语格式,X就是了,,
283,四级,口语格式,还X呢,,
284,四级,口语格式,你X你的吧,,
285,四级,口语格式,让/叫你X你就X,,
286,四级,口语格式,说什么/怎么（着）也得X,,
287,五级,词类,代词,指示代词,
288,五级,词类,量词,名量词,彼此、如此
289,五级,词类,副词,程度副词,册、朵、幅、届、颗、匹、扇
290,五级,词类,副词,范围、协同副词,过于、可1、稍、稍微、尤其
291,五级,词类,副词,时间副词,大都
292,五级,词类,副词,频率、重复副词,不时、将、将要、仍旧、时常、时刻、依旧、一向
293,五级,词类,副词,方式副词,偶尔、再次
294,五级,词类,副词,语气副词,偷偷
295,五级,词类,介词,引出时间、处所,毕竟、不免、差（一）点儿、倒是、干脆、就4、居然、可2、明明、总算
296,五级,词类,介词,引出目的、原因,随着
297,五级,词类,介词,引出施事、受事,将
298,五级,词类,介词,引出凭借、依据,由2
299,五级,词类,介词,引出凭借、依据,凭
300,五级,词类,介词,引出凭借、依据,依据
301,五级,词类,连词,连接分句或句子,依照
302,五级,词类,助词,其他助词,从而、加上、完了、一旦
303,五级,短语,固定短语,四字格,也好
304,五级,短语,固定短语,四字格,A来A去
305,五级,短语,固定短语,四字格,A着A着
306,五级,短语,固定短语,四字格,没A没B
307,五级,短语,固定短语,四字格,说A就A
308,五级,短语,固定短语,其他,有A有B
309,五级,短语,固定短语,其他,不得了
310,五级,短语,固定短语,其他,不敢当
311,五级,短语,固定短语,其他,得了
312,五级,固定格式,从……来看,,用不着
313,五级,固定格式,到……为止,,
314,五级,固定格式,够……的,,
315,五级,固定格式,拿……来说,,
316,五级,固定格式,A的A，B的B,,
317,五级,固定格式,在……看来,,
318,五级,句子成分,宾语,宾语的语义类型1：（1）施事宾语；（2）受事宾语,
319,五级,句子成分,状语,多项状语,
320,五级,句子成分,补语,趋向补语,
321,五级,句子成分,补语,可能补语,"趋向补语4 
表示时间意义（引申用法） 
（1）表示动作行为的开始：动词+上/起来（2）表示动作行为的持续：动词+下去/下来"
322,五级,句子成分,补语,程度补语,可能补语2：动词+得/不得
323,五级,句子成分,补语,状态补语,"程度补语2： 
（1）形容词/心理动词+得+不得了/慌/厉害；（2）动词/形容词+坏/透+了"
324,五级,句子的类型,特殊句型,“有”字句,"状态补语2：动词/形容词+得+短语 
（1）动词/形容词+得+动词短语（2）动词/形容词+得+主谓短语（3）动词/形容词+得+固定短语"
325,五级,句子的类型,特殊句型,“把”字句,"“有”字句3： 
（1）表示存在、具有：主语+有+着+宾语（2）表示附着：主语+动词+有+宾语"
326,五级,句子的类型,特殊句型,被动句,"“把”字句3：表处置 
（1）主语+把+宾语+状语+动词 
（2）主语+把+宾语+一+动词 
（3）主语+把+宾语+动词+了 
（4）主语+把+宾语1+动词+宾语2"
327,五级,句子的类型,特殊句型,连动句,被动句3：意念被动句
328,五级,句子的类型,特殊句型,兼语句,连动句3：前后两个动词性词语具有因果、转折、条件关系
329,五级,句子的类型,特殊句型,比较句,"兼语句3 
表致使：主语+叫/令/使/让+人称代词+动词短语"
330,五级,句子的类型,复句,选择复句,"比较句5：（1）跟……相比 
（2）A+形容词+B+数量补语"
331,五级,句子的类型,复句,转折复句,或是……，或是……
332,五级,句子的类型,复句,假设复句,尽管……，但是/可是……
333,五级,句子的类型,复句,假设复句,一旦……，就……
334,五级,句子的类型,复句,条件复句,要是……，（就）……，否则……
335,五级,句子的类型,复句,条件复句,除非……，才……
336,五级,句子的类型,复句,因果复句,除非……，否则/不然……
337,五级,句子的类型,复句,让步复句,……，因而……
338,五级,句子的类型,复句,目的复句,即使……，也……
339,五级,句子的类型,复句,目的复句,……，为的是……
340,五级,句子的类型,复句,紧缩复句,……，以便……
341,五级,句子的类型,复句,紧缩复句,没有……就没有……
342,五级,句子的类型,复句,多重复句,再……也……
343,五级,强调的方法,用“再也不/没”表示强调,,二重复句1：单句+复句；复句+单句
344,五级,强调的方法,用副词“可”表示强调,,
345,五级,强调的方法,用“怎么都/也+不/没”表示强调,,
346,五级,口语格式,X也不是，Y也不是,,
347,五级,口语格式,X也X不得，Y也Y不得,,
348,五级,口语格式,X是它，Y也是它,,
349,五级,口语格式,X着也是X着,,
350,五级,口语格式,X归X，Y归Y,,
351,五级,口语格式,不管怎样说,,
352,五级,口语格式,看你X的/瞧他X的,,
353,五级,口语格式,真有你/他/她的,,
354,五级,口语格式,X什么X,,
355,五级,口语格式,什么X不X（的）,,
356,五级,句群,形式分类,用代词复指,
357,五级,句群,形式分类,带省略成分,（1）用人称代词复指（2）用指示代词复指（3）各种代词相间使用
358,六级,语素,前缀,类前缀：超-、多-、反-、无-、亚-、准-,（1）省略主语（2）省略宾语
359,六级,语素,后缀,类后缀：-化、-式、-型、-性,
360,六级,词类,代词,指示代词,
361,六级,词类,量词,名量词,本、此
362,六级,词类,量词,动量词,餐、串、滴、副、股、集、枝
363,六级,词类,副词,程度副词,番、声、趟
364,六级,词类,副词,范围、协同副词,特、异常
365,六级,词类,副词,时间副词,尽、净、一齐、一同
366,六级,词类,副词,关联副词,时时、一时、早晚
367,六级,词类,副词,方式副词,便
368,六级,词类,副词,情态副词,不禁、赶忙、亲眼、特地、特意
369,六级,词类,副词,语气副词,仿佛
370,六级,词类,介词,引出时间、处所,才3、刚好、偏、恰好
371,六级,词类,介词,引出方向、路径,于
372,六级,词类,介词,引出对象,沿（着）
373,六级,词类,介词,引出对象,同1、与1
374,六级,词类,介词,引出目的、原因,至于
375,六级,词类,介词,表示排除,因
376,六级,词类,介词,引出凭借、依据,除
377,六级,词类,连词,连接词或词组,据
378,六级,词类,连词,连接分句或句子,而2、同2、与2
379,六级,词类,助词,结构助词,不料、可3、若
380,六级,词类,助词,语气助词,所
381,六级,短语,结构类型,基本结构类型,罢了、啦、嘛
382,六级,短语,固定短语,四字格,数词+形容词+量词
383,六级,短语,固定短语,四字格,或A或B
384,六级,短语,固定短语,四字格,无A无B
385,六级,短语,固定短语,四字格,A这A那
386,六级,短语,固定短语,其他,左A右B
387,六级,短语,固定短语,其他,不怎么
388,六级,短语,固定短语,其他,不怎么样
389,六级,短语,固定短语,其他,好（不）容易
390,六级,短语,固定短语,其他,那倒（也）是
391,六级,短语,固定短语,其他,就是说/这就是说
392,六级,短语,固定短语,其他,算了
393,六级,固定格式,A一+量词，B一+量词,,
394,六级,固定格式,东一A，西一A,,
395,六级,固定格式,为了……而……,,
396,六级,句子成分,宾语,"宾语的语义类型2： 
（1）处所宾语（2）结果宾语",
397,六级,句子成分,补语,趋向补语,
398,六级,句子的类型,特殊句型,“把”字句,"趋向补语5 
表示状态意义（引申用法）：动词/形容词+下来/下去/起来/过来"
399,六级,句子的类型,特殊句型,被动句,"“把”字句4：表致使 
（1）主语（非生物体）+把+宾语+动词+其他成分 
（2）主语+把+宾语（施事）+动词+其他成分"
400,六级,句子的类型,复句,并列复句,被动句4：主语+被/叫/让+宾语+给+动词+其他成分
401,六级,句子的类型,复句,并列复句,时而……，时而……
402,六级,句子的类型,复句,承接复句,一时……一时……
403,六级,句子的类型,复句,递进复句,……便……
404,六级,句子的类型,复句,递进复句,不但不/不但没有……，反而……
405,六级,句子的类型,复句,递进复句,不是……，还/还是……
406,六级,句子的类型,复句,选择复句,连……都/也……，……更……
407,六级,句子的类型,复句,转折复句,要么……，要么……
408,六级,句子的类型,复句,假设复句,虽……，但/可/却/也……
409,六级,句子的类型,复句,条件复句,……，要不然/不然……
410,六级,句子的类型,复句,让步复句,凡是……，都……
411,六级,句子的类型,复句,紧缩复句,就算/就是……也……
412,六级,句子的类型,复句,多重复句,不……不……
413,六级,强调的方法,用“非……不可”表示强调,,二重复句2：复句+复句
414,六级,口语格式,X到Y头上来了,,
415,六级,口语格式,X就X吧,,
416,六级,口语格式,X是X,,
417,六级,口语格式,不X不……，一X……,,
418,六级,口语格式,好你个X,,
419,六级,口语格式,动词+什么（就）是什么,,
420,六级,口语格式,早（也）不X，晚（也）不X,,
421,六级,口语格式,看/瞧+把+宾语（施事）+ X 得,,
422,六级,口语格式,放着X不Y,,
423,六级,口语格式,X来X去，都是/就是 ……,,
424,六级,口语格式,X了就X了，（没）有……,,
425,六级,口语格式,这/那也不X，那/这也不Y,,
426,高等,词类,动词,能愿动词,需
427,高等,词类,代词,疑问代词,何
428,高等,词类,代词,指示代词,该、另、兹
429,高等,词类,量词,名量词,（1）栋、粒、枚、则、盏（2）复合量词：人次
430,高等,词类,副词,关联副词,亦
431,高等,词类,介词,引出方向、路径,顺着
432,高等,词类,连词,连接词或词组,及
433,高等,词类,连词,连接分句或句子,继而、要不是
434,高等,词类,助词,结构助词,之
435,高等,短语,结构类型,基本结构类型,数词+量词+抽象事物
436,高等,短语,固定短语,四字格,爱A不A
437,高等,短语,固定短语,四字格,半A半B
438,高等,短语,固定短语,四字格,东A西B
439,高等,短语,固定短语,四字格,非A非B
440,高等,短语,固定短语,四字格,忽A忽B
441,高等,短语,固定短语,四字格,连A带B
442,高等,短语,固定短语,四字格,时A时B
443,高等,短语,固定短语,四字格,自A自B
444,高等,短语,固定短语,其他,巴不得
445,高等,短语,固定短语,其他,别提了
446,高等,短语,固定短语,其他,除此之外
447,高等,短语,固定短语,其他,归根到底
448,高等,短语,固定短语,其他,可不是
449,高等,短语,固定短语,其他,没说的
450,高等,短语,固定短语,其他,无论如何
451,高等,短语,固定短语,其他,由此可见
452,高等,固定格式,不知……好,,
453,高等,固定格式,所谓……就是……,,
454,高等,固定格式,无非/不过/只不过/只是……而已/罢了,,
455,高等,固定格式,以……为……,,
456,高等,固定格式,因……而……,,
457,高等,句子成分,宾语,"宾语的语义类型3：  
（1）方式宾语（2）工具宾语（3）材料宾语（4）目的宾语",
458,高等,句子成分,补语,程度补语,程度补语3：（1）形容词/动词+得+不行（2）形容词/动词+得+要命/要死
459,高等,句子成分,补语,状态补语,状态补语3：“个”引导的补语
460,高等,句子的类型,特殊句型,“把”字句,"“把”字句5：表致使  
（主语+）把+宾语（施事）+动词+了"
461,高等,句子的类型,特殊句型,被动句,被动句5：（1）被……所……（2）为……所……
462,高等,句子的类型,特殊句型,比较句,"比较句6：（1）比起……（来） 
（2）A +形容词+于+ B  
（3）A +比+名词+还+名词"
463,高等,句子的类型,复句,并列复句,一面……，一面……
464,高等,句子的类型,复句,承接复句,……，此后……
465,高等,句子的类型,复句,承接复句,起初……，……才……
466,高等,句子的类型,复句,递进复句,别说……，连……也/都……；连……也/都……，别说……；别说……， 即使……也……；即使……也……，别说……
467,高等,句子的类型,复句,递进复句,……，况且……
468,高等,句子的类型,复句,递进复句,连……，更不用说……
469,高等,句子的类型,复句,递进复句,……，乃至……
470,高等,句子的类型,复句,递进复句,……，且……
471,高等,句子的类型,复句,递进复句,……，甚至于……
472,高等,句子的类型,复句,选择复句,或……，或……
473,高等,句子的类型,复句,选择复句,宁可/宁愿……，也……
474,高等,句子的类型,复句,选择复句,与其……，不如……
475,高等,句子的类型,复句,选择复句,与其……，宁可/宁愿……
476,高等,句子的类型,复句,转折复句,……，而……（则）……
477,高等,句子的类型,复句,转折复句,……，……倒/反倒……
478,高等,句子的类型,复句,假设复句,倘若/若……，……
479,高等,句子的类型,复句,假设复句,倘若/假设/假使/若……，就/那（么）……
480,高等,句子的类型,复句,假设复句,幸亏……，要不然/不然/要不/否则……
481,高等,句子的类型,复句,条件复句,别管……，都……
482,高等,句子的类型,复句,条件复句,任……，也……
483,高等,句子的类型,复句,因果复句,（因）……，故……
484,高等,句子的类型,复句,因果复句,鉴于……，……
485,高等,句子的类型,复句,因果复句,（由于）……，以致……
486,高等,句子的类型,复句,因果复句,……，以至于……
487,高等,句子的类型,复句,因果复句,之所以……，是因为/是由于……
488,高等,句子的类型,复句,让步复句,固然……，也……
489,高等,句子的类型,复句,让步复句,……固然……，但是/可是/不过……
490,高等,句子的类型,复句,让步复句,即便……，也……
491,高等,句子的类型,复句,让步复句,虽说……，但是/可是/不过……
492,高等,句子的类型,复句,让步复句,纵然……，也……
493,高等,句子的类型,复句,目的复句,……，以……
494,高等,句子的类型,复句,目的复句,……，以免/免得……
495,高等,句子的类型,复句,解说复句,……，也就是说……
496,高等,句子的类型,复句,紧缩复句,（要+）动词+就+动词+个+补语
497,高等,句子的类型,复句,紧缩复句,动词（+宾语1）+就+动词（+宾语1），别……
498,高等,句子的类型,复句,多重复句,三重或三重以上的复句
499,高等,强调的方法,"用反问句表示强调 
反问句3：何必/何苦……呢？",,
500,高等,口语格式,（不过/但/可是）话又说回来，……,,
501,高等,口语格式,X（也）不是，不X也不是,,
502,高等,口语格式,X也好/也罢，Y也好/也罢,,
503,高等,口语格式,X了又Y，Y了又X,,
504,高等,口语格式,X也X不……，Y也Y不……,,
505,高等,口语格式,别提（有）多X了,,
506,高等,口语格式,不知X的,,
507,高等,口语格式,话（说）是这么说，不过/可/可是……,,
508,高等,口语格式,看/瞧你那（X）样,,
509,高等,口语格式,看在X的面子上,,
510,高等,口语格式,哪有X这么Y的/有X这样Y的吗,,
511,高等,口语格式,什么X的Y的,,
512,高等,口语格式,说到/想到哪儿去了,,
513,高等,口语格式,无所谓X不X,,
514,高等,口语格式,要X有/没X，要Y有/没Y,,
515,高等,句群,形式分类,带关联词语,带关联词语
516,高等,句群,形式分类,不带关联词语,不带关联词语
517,高等,句群,意义分类,联合关系：并列句群、承接句群、递进句群、选择句群、解说句群、总括句群,
518,高等,句群,意义分类,偏正关系：条件句群、因果句群、目的句群、转折句群、假设句群、让步句群,
519,高等,词类,副词,程度副词,极为
520,高等,词类,副词,程度副词,尽
521,高等,词类,副词,程度副词,蛮
522,高等,词类,副词,程度副词,颇
523,高等,词类,副词,程度副词,稍稍
524,高等,词类,副词,程度副词,尤为
525,高等,词类,副词,程度副词,越发
526,高等,句子的类型,复句,递进复句,……，何况……
527,高等,句子的类型,复句,递进复句,……，进而……
528,高等,词类,副词,范围、协同副词,凡
529,高等,词类,副词,范围、协同副词,皆
530,高等,词类,副词,范围、协同副词,统统
531,高等,词类,副词,范围、协同副词,唯独
532,高等,词类,副词,方式副词,不由得
533,高等,词类,副词,方式副词,一连
534,高等,词类,副词,方式副词,顺便
535,高等,词类,副词,否定副词,未
536,高等,词类,副词,否定副词,勿
537,高等,词类,副词,频率、重复副词,频频
538,高等,词类,副词,频率、重复副词,再度
539,高等,短语,固定短语,其他,与此同时
540,高等,短语,固定短语,其他,这样一来
541,高等,短语,固定短语,其他,综上所述
542,高等,短语,固定短语,其他,总的来说/总而言之
543,高等,词类,副词,情态副词,必定
544,高等,词类,副词,情态副词,不妨
545,高等,词类,副词,情态副词,何必
546,高等,词类,副词,情态副词,莫非
547,高等,词类,副词,情态副词,按说
548,高等,词类,副词,时间副词,即
549,高等,词类,副词,时间副词,历来
550,高等,词类,副词,时间副词,尚
551,高等,词类,副词,时间副词,向来
552,高等,词类,介词,引出对象,当着
553,高等,词类,介词,引出对象,就5
554,高等,词类,介词,引出凭借、依据,趁
555,高等,词类,介词,引出凭借、依据,基于
556,高等,词类,介词,引出凭借、依据,依
557,高等,词类,副词,语气副词,白白
558,高等,词类,副词,语气副词,反倒
559,高等,词类,副词,语气副词,分明
560,高等,词类,副词,语气副词,怪不得
561,高等,词类,副词,语气副词,好在
562,高等,词类,副词,语气副词,乃
563,高等,词类,副词,语气副词,难怪
564,高等,词类,副词,语气副词,偏偏
565,高等,词类,副词,语气副词,索性
566,高等,词类,副词,语气副词,万万
567,高等,词类,副词,语气副词,未免
568,高等,词类,副词,语气副词,无非
569,高等,词类,副词,语气副词,幸好
570,高等,词类,副词,语气副词,幸亏
571,高等,词类,副词,语气副词,终究
572,高等,词类,助词,语气助词,而已
573,高等,词类,助词,语气助词,矣